{"nlohmann/json-2013": 1.0, "nlohmann/json-2014": 1.0, "nlohmann/json-2015": 1.1004016064257027, "nlohmann/json-2016": 1.3245551601423489, "nlohmann/json-2017": 1.6340023612750885, "nlohmann/json-2018": 1.3033175355450237}